,Hotel name,Address,Price (avg/night),Facilities,Rating,Reviews,Likes
0,Dmatel Hotel And Resort PH,"Port Harcourt, Rivers - 91, Stadium Road, Rumuomasi",20000,",Internet,
Restaurant,
Pool,
Bar,
Gym

",7.7 Very Good,46,"

3356"
1,Somitel Hotels And Resort Ltd,"Port Harcourt, Rivers - Campbell Avenue, Off Peter Odili Road, Trans- Amadi, ",17000,",Internet,
Restaurant,
Pool,
Bar,
Gym

",7.2 Very Good,16,"

1846"
2,Polo Court ,"Port Harcourt, Rivers - 46 King Perekule Street, GRA Phase II",27000,",Internet,
Restaurant,
Pool,
Bar,
Gym

",no rating,11,"

903"
3,De Edge Hotel,"Port Harcourt, Rivers - Plot 12, Location Road (By Mandela Car Wash), Tombia Extension, GRA Phase 3",31700,",Internet,
Restaurant,
Pool,
Bar,
Gym

",no rating,19,"

1226"
4,Base Hotels ,"Port Harcourt, Rivers - 33 NTA Rd, Mbuoba, Port Harcourt",5500,",Restaurant,
Bar

",6.4 Very Good,33,"

1520"
5,Novotel Port Harcourt,"Port Harcourt, Rivers - 3 Stadium Road, Rumuomasi",55000,",Restaurant,
Bar,
Gym

",7.0 Very Good,18,"

1725"
6,Golden Tulip Port Harcourt Hotel,"Port Harcourt, Rivers - 1C Evo Crescent, GRA Phase II",69569,",Internet,
Restaurant,
Pool,
Bar,
Gym

",7.2 Very Good,4,"

1156"
7,Goldfinger Hotels Limited,"Port Harcourt, Rivers - 86 Tombla Street Extension GRA A2 , Next To Manadela Car Wash",6000,",Internet,
Restaurant,
Bar

",6.9 Very Good,12,"

789"
8,Aldgate Congress Hotel,"Port Harcourt, Rivers - 308, Abacha Road. GRA Phase III",8000,",Internet,
Restaurant,
Pool,
Bar,
Gym

",6.8 Very Good,14,"

2285"
9, Ogeyi Place Hotel (Formerly Le Meridien Ogeyi Place),"Port Harcourt, Rivers - 45 Tombia Street, GRA Phase II, ",85000,",Restaurant,
Bar

",no rating,6,"

650"
10,Best Western Hotel GRA,"Port Harcourt, Rivers - Plot F35 Woke Street, Off Sani Abacha Road, GRA 3, Port Harcourt, Rivers State, Nigeria",23000,",Restaurant,
Bar

",6.8 Very Good,3,"

395"
11,Swiss Spirit Hotel & Suites Danag,"Port Harcourt, Rivers - 79 Ken Saro Wiwa Stadium Road Port Harcourt",25200,",Pool

",no rating,1,"

555"
12,Clen-Phil Hotels And Suites,"Port Harcourt, Rivers - 68 Iwofe Road, Rumupirikom Town, Port Harcourt.",6000,",Restaurant,
Bar,
Gym

",7.4 Very Good,7,"

743"
13,Hotel Presidential,"Port Harcourt, Rivers - 5141 Aba Road, GRA Phase II",79200,",Internet,
Restaurant,
Pool,
Bar,
Gym

",no rating,13,"

1130"
14,Landmark Hotel,"Port Harcourt, Rivers - 4 Worlu Street,Off Oluobasanjon Road, D/line. GRA.",25000,",Internet,
Restaurant,
Pool,
Gym

",no rating,3,"

862"
15,Randolph Hotel And Resort,"Port Harcourt, Rivers - 101 Old Aba Road",13500,",Restaurant,
Pool,
Bar

",7.8 Very Good,10,"

564"
16,Chinwo Hotels Nigeria Limited,"Port Harcourt, Rivers - 5 Chukwu Odara Street, Behind St. Simon Church Okporo Road, Rumuodara, Obio Akpor",6000,",Restaurant,
Bar

",6.4 Very Good,5,"

302"
17,Emfas Bridge Hotel,"Port Harcourt, Rivers - Choba Road, Rumuekini",2000,",Restaurant,
Bar

",no rating,no review,"

185"
18,Maas Central Hotels,"Port Harcourt, Rivers - 23 Tombia Street GRA Phase II",18000,",Internet,
Restaurant,
Bar

",6.8 Very Good,4,"

672"
19,Tokyu Grand Hotel,"Port Harcourt, Rivers - Tokyu Grand Hotel Avenue, Off 22 Stadium Road",13160,",Restaurant

",no rating,no review,"

484"
20,Meritz Hotels ,"Port Harcourt, Rivers - 1A Acron Avenue, Off Stadium Road, GRA IV, Port-Harcourt.",17000,",Internet,
Restaurant,
Bar

",6.8 Very Good,1,"

239"
21,Echelon Heights Hotel,"Port Harcourt, Rivers - No 73 Ken Sarowiwa Road (formerly Stadium Road) ",54450,",Internet,
Restaurant,
Bar

",no rating,no review,"

365"
22,Tiffany Hotels ,"Port Harcourt, Rivers - 1 Tiffany Hotel Avenue, Near The Airport Hotel, Omagwa",16200,",Restaurant,
Pool,
Bar,
Gym

",7.0 Very Good,17,"

419"
23,Royal Castle Hotel,"Port Harcourt, Rivers - 96 Abel Jumbo St, Mile2 Diobu, Behind Azikiwe Police Station.",2500,",Restaurant,
Bar

",no rating,6,"

430"
24,De Christine Apartment Hotel By Canin Resources,"Port Harcourt, Rivers - Mirari Estate 12C Benjamin Okpara Street  G.R.A  Phase II Off Olu-Obasanjo Road",10000,",Internet,
Restaurant,
Pool,
Bar,
Gym

",7.3 Very Good,8,"

465"
25,The Grosvenor Rooms And Suites ,"Port Harcourt, Rivers - 69 Evo Road GRA Phase II",14000,"
",no rating,3,"

304"
26,Sparklyn Hotels And Suit,"Port Harcourt, Rivers - 101B Brookstone Close, Off Prof Abowei St, GRA Phase 3",20000,",Restaurant,
Pool,
Bar,
Gym

",no rating,2,"

207"
27,Igoni Grand View Hotel,"Port Harcourt, Rivers - No 115 KM 25 Airport Road By Eligbolo Roundabout Rumuodomaya",12000,",Restaurant,
Pool,
Bar

",no rating,6,"

367"
28,Visa Karena Hotels ,"Port Harcourt, Rivers - 3D Wonodi Close, GRA Phase III, Off Olu Obasanjo Road",36000,",Restaurant,
Pool,
Bar,
Gym

",no rating,1,"

298"
29,Sasun Hotels,"Port Harcourt, Rivers - Plot 206, Trans Amadi Industrial Layout,",13000,",Internet,
Restaurant,
Bar,
Gym

",no rating,1,"

268"
30,Jopala Hotel,"Port Harcourt, Rivers - 1 Angel Crescent Off Chinec Road, Ada George.",8000,",Restaurant,
Pool,
Bar

",7.9 Very Good,6,"

307"
31,Ss3 Boutique Hotel,"Port Harcourt, Rivers - No 10 Raymond Morgan ,opposite Eterna Filling Station,odili Road, Port Harcourt",13000,",Internet,
Restaurant,
Pool,
Bar

",no rating,no review,"

324"
32,City Crown Hotels Limited,"Port Harcourt, Rivers - 58 Wimpey/Iwofe Road By Ada George Junction.",7000,",Restaurant,
Pool

",no rating,3,"

121"
33,Hotel De Marpat,"Port Harcourt, Rivers -  4 NTA-Apara Link Road, Opp. Rumuapara Secondary School, Off East-West Road",6000,",Internet,
Restaurant,
Pool

",6.8 Very Good,1,"

190"
34,Shell Gate Hotel ," Port Harcourt, Rivers - 27 Chief Wopara Street, Rumumasi, Port Harcourt.",6000,",Restaurant,
Bar

",7.0 Very Good,2,"

168"
35,Londa Hotel,"Port Harcourt, Rivers - 24B Wike/Orazi Road, Off Rumueme Market, Mile 4.",12000,",Restaurant,
Pool,
Bar,
Gym

",no rating,6,"

285"
36,L.A. Kings Hotel ,"Port Harcourt, Rivers - 31, Ken Saro Wiwa Rd (Formerly Stadium Road) Rumuomasi, Port Harcourt",38500,"
",no rating,no review,"

56"
37,VEE HOTEL & SUITES,"Port Harcourt, Rivers - 2 Chief Wonwu Avenue, Off Ordinance Road, Trans Amadi",14500,",Internet,
Restaurant,
Pool

",6.5 Very Good,8,"

372"
38,Blue Ribbon Suites Ltd,"Port Harcourt, Rivers - 304, Aba Road, Rumuokwurusi",10000,"
",6.4 Very Good,1,"

244"
39,Arriva Suites,"Port Harcourt, Rivers - 5 Chuku Close, Off Stadium Road GRA, Rumuomasi, Port Harcourt",13350,",Restaurant,
Bar

",no rating,2,"

462"
40,Coral Reef Hotel,"Port Harcourt, Rivers - 8 Orogbum Crescent, GRA Phase 2",12000,",Internet,
Restaurant,
Bar

",7.5 Very Good,9,"

486"
41,Jora Hotels,"Port Harcourt, Rivers - 1A Egelege Street (Khana Close) Off Olu Obasanjo Road, ",8000,",Internet,
Restaurant,
Bar

",no rating,3,"

99"
42,Berenice Hotels Limited,"Port Harcourt, Rivers - 3 Amadi Lane, East West Road, Rumuodara, Obio Akpor",5000,",Bar

",no rating,no review,"

92"
43,Genesis Hotels,"Port Harcourt, Rivers - 198/199 Rumuogba Estate, Port Harcourt, Rivers State",16500,",Restaurant,
Pool,
Bar,
Gym

",7.6 Very Good,1,"

88"
44,Genesis Castle,"Port Harcourt, Rivers - 22 Thompson Avenue, Off Woji Road",26875,",Internet,
Restaurant,
Pool,
Bar,
Gym

",no rating,3,"

146"
45,Orian Hotels,"Port Harcourt, Rivers - 23 East West Road Rumuodara, Port Harcourt",no price,",Restaurant,
Pool,
Gym

",no rating,no review,"

142"
46,Nima Suites Hotel,"Port Harcourt, Rivers - 9 Onuokolo Rd Woji Port-harcourt",8000,",Restaurant,
Bar

",no rating,1,"

108"
47,Eclipse Hotel And Lounge,"Port Harcourt, , Rivers - 5, Khana Street, Dline, Port Harcourt",10000,",Restaurant,
Pool

",no rating,no review,"

99"
48,Trulli Hotel," Port Harcourt, Rivers - No. 12, Faith Avenue Behind Yakubu Gowon Stadium Rumuomasi, Port Harcourt",10000,",Restaurant,
Bar

",no rating,3,"

79"
49,Gold Rush Suites,"Port Harcourt, Rivers - No 14, Ezimgbu Link Rd (Mummy B) GRA Phase IV",15000,",Internet,
Restaurant,
Pool

",no rating,1,"

265"
50,Paloma Hotel,"Port Harcourt, Rivers - Plot 99,Bimkol Crescent Off Abacha Road,GRA Phase 2.",8000,",Internet,
Restaurant,
Pool,
Bar

",no rating,4,"

618"
51,Diliosa Hotels Service,"Port Harcourt, Rivers - 3 Diliosa Road, By Rumuodara Junction, Eliowhani, East West Road",7000,",Internet,
Restaurant,
Bar

",no rating,no review,"

185"
52,Apex Hilton Hotel,"Port Harcourt, Rivers - Rukpakwulusi New Layout, Off Air Force Base-Eliozu Road, By Pacesetters.",15000,",Restaurant,
Bar

",7.4 Very Good,4,"

168"
53,Garden City Marriott Hotel,"Port Harcourt, Rivers - 39 Tombia Street By Le Meridien Road, GRA, Port Harcourt",22000,",Internet,
Restaurant,
Bar

",6.3 Very Good,30,"

1154"
54,Liberty House Hotel,"Port Harcourt, Rivers - 41 Alexander Street,Off Ada George Junction By Agip Road",8000,",Bar

",no rating,1,"

293"
55,Ayoluyem Suites,"Port Harcourt, Rivers - House 23 Deeper Life Avenue, Rumudomaya",7000,"
",no rating,no review,"

146"
56,Swiss International Mabisel Port Harcourt,"Port Harcourt, Rivers - 9 Mabisel Avenue Off Peter Odili Road",49900,",Internet,
Restaurant,
Pool,
Bar,
Gym

",no rating,4,"

423"
57,Ocabique Planet Hotel ,"Port Harcourt, Rivers - 5 Okah CloseBy Chinda, Off Stadium Road",6000,",Internet,
Restaurant,
Bar

",no rating,no review,"

343"
58,Dannic Hotels Port Harcourt,"Port Harcourt, Rivers - Plot 33, Circular Road, Presidential Estate, GRA,",20000,",Restaurant,
Bar

",no rating,6,"

162"
59,The Retreat Home,"Port Harcourt, Rivers - 13 Okrika Avenue, Rumuogba Estate",5000,",Restaurant,
Bar

",no rating,1,"

146"
60,Hotel De Excellence ,"Port Harcourt, Rivers - 3B Omerelu Street. GRA Phase I Behind Presidential Hotel.",7000,",Restaurant

",no rating,no review,"

138"
61,Mina Hotels,"Port Harcourt, Rivers - Trans-Amadi Road,",13500,",Restaurant,
Bar

",7.3 Very Good,7,"

207"
62,Mr Sweet Hotels Limited,"Port Harcourt, Rivers - 33A, Okporo Road, Artillery Junction, Rumuogba",4500,",Bar

",no rating,no review,"

84"
63,Dotnova Hotel,"Port Harcourt, Rivers - 453 Ikwerre Road, Rumuokwuta.",9500,",Internet,
Restaurant

",7.1 Very Good,2,"

101"
64,De-Wynn Hotel Limited ,"Port Harcourt, Rivers - 5, Khana Street, D/Line, GRA.",8000,",Restaurant,
Bar

",no rating,no review,"

43"
65,"Lakewood Hotel, PH","Port Harcourt, Rivers - No 30 Okabie Street (Agip Link Road), Off Chinda Road, Mile 4 Rumueme, Port Harcourt",4500,",Restaurant,
Bar

",6.3 Very Good,6,"

330"
66,Royal Crest Hotel And Suites,"Port Harcourt, Rivers - 2 Divine Grace Close Trans Woji",13500,",Internet,
Restaurant,
Bar

",no rating,no review,"

218"
67,Cloud 10 Suites,"Port Harcourt, Rivers - 7 Haruk Road, Off Obiwali Road, Rumuigbo",5000,",Bar

",no rating,no review,"

60"
68,The Golf Prince Hotel,"Port Harcourt, Rivers - 24 Abana Street, Golf Course Layout, Old GRA, Port Harcourt",16100,",Pool,
Gym

",no rating,no review,"

45"
69,The Crib Lifestyle Hotel  ,"Port Harcourt, Rivers - 17B William Jumbo Close, By Crib Hospital, Old GRA, Behind Government House",19000,",Bar

",no rating,2,"

226"
70,Eze Hotel ,"Port Harcourt, Rivers - No 15 East West  Road",4500,",Restaurant,
Bar

",no rating,4,"

90"
71,Compact Hotels Nigeria Limited,"Port Harcourt, Rivers - No 2 Chief Amos Wegwu Annex Off Alikor Estate. Uniport Road(Behind Genesis), Choba ",5000,",Bar

",7.6 Very Good,1,"

77"
72,Hetona Hotels Limited,"Port Harcourt, Rivers - 15 Elelenwo Road, Elelenwo",4000,",Restaurant,
Bar

",no rating,no review,"

38"
73,Paragon Garden ,"Port Harcourt, Rivers - 36 Orogbum Crescent, GRA Phase 2",18000,",Restaurant,
Pool

",6.4 Very Good,4,"

283"
74,Juanita Hotels,"Port Harcourt, Rivers - 47 Herbert Macaulay Street, Amadi Flats, Old GRA",45000,",Restaurant,
Pool,
Bar,
Gym

",no rating,2,"

144"
75,Bhanek Inn,"Port Harcourt, Rivers - Plot 5 Shell Location Off Tombia Extension,GRA Phase III.",10000,",Internet,
Restaurant,
Bar

",no rating,no review,"

27"
76,Odenu Hotel,"Port Harcourt, Rivers - No 17 Ohiamini Road Rumola Road ",7500,",Restaurant,
Bar

",no rating,1,"

144"
77,The Catalans Hotels ,"Port Harcourt, Rivers - Okuruoma, Off Dr. Peter Odili Road, Trans Amadi",5400,",Restaurant,
Bar

",no rating,1,"

107"
78,Benvindo Tropicana Hotel,"Port Harcourt, Rivers - No. 30/32 Ebony Road, Oroazi, Port Harcourt, Rivers",15000,",Internet,
Restaurant,
Bar

",no rating,no review,"

97"
79,Nana's Place ,"Port Harcourt, Rivers - 26 Igboukwu Street D-Line",9000,",Internet,
Restaurant,
Bar

",no rating,2,"

86"
80,Parkhotels,"Port Harcourt, Rivers - 1, Water Works Road, Rumuola",no price,",Restaurant,
Bar

",no rating,1,"

60"
81,Read Hotels And Towers,"Port Harcourt, Rivers - 14 Eneka,Rukpokwu Road. ",8000,",Restaurant,
Pool

",no rating,1,"

58"
82,Hano Hotel And Suites,"Port Harcourt, Rivers -  56 Orogbum Crescent, GRA Phase 2",14000,",Internet,
Restaurant,
Bar

",no rating,1,"

283"
83,Hotel D'Azur,"Port Harcourt, Rivers - 12, Ojiba Crescent Off NTA Apara Link Road Mgbuoba, Port Harcourt ",17000,",Restaurant,
Bar

",no rating,3,"

237"
84,Tuscany Suites,"Port Harcourt, Rivers - 206 Obi Wali,Road Rumuigbo.",12000,",Restaurant,
Bar

",no rating,no review,"

207"
85,City Express Hotel,"Port Harcourt, Rivers - 30 Nyewe - Eli O.N. Nsirim Road, Mile 4, Rumueme",8000,",Restaurant,
Pool,
Bar

",no rating,no review,"

54"
86,The Cosmic Hotel ,"Port Harcourt, Rivers - 16 Elewa Avenue, Opp. Jeftoni, Off East-West Road, Eliowhani, Obio Akpor.",no price,"
",no rating,no review,"

43"
87,Genesis Place,"Port Harcourt, Rivers - Plot 198/199, Rumuogba Estate, Aba Express Road, Rumuogba",16500,",Internet,
Restaurant,
Bar

",7.6 Very Good,4,"

186"
88,Best Western Premier,"Port Harcourt, Rivers - Aba Expressway, KM 16, Opposite Intel Camp, Eleme, Port Harcourt, Nigeria",35750,",Internet,
Restaurant,
Pool,
Gym

",no rating,3,"

136"
89,Dazey Suites ,"Port Harcourt, Rivers - 15 Uniport Road Owhipa Choba ",5000,",Restaurant,
Bar

",no rating,no review,"

110"
90,The Manor Hotel,"Port Harcourt, Rivers - 5 Omerelu Street GRA Phase I",11730,",Internet,
Restaurant,
Bar

",no rating,4,"

90"
91,Goldstone Luxury Suites,"Port Harcourt, Rivers -  10 Royal Crescent, Off Proff Abowei Street, GRA Phase II.",20000,",Internet,
Restaurant,
Bar

",7.0 Very Good,1,"

45"
92,LA Kings Hotel,"Port -Harcourt, Rivers - 31 Ken Saro Wiwa Rd., Former Stadium Rd.",30000,"
",no rating,no review,"

21"
93,C'RON HOTELS AND SUITES,"Port -Harcourt, Rivers - SARS Road, By Elikpowuordu Junction, Rukpokwu, Obio/Akpor LGA",15000,",Pool,
Bar

",no rating,no review,"

19"
94,Anko Home Hotels,"Port Harcourt, Rivers - No 4 East West Road, Uniport By Deli Spices, Port Harcourt",2500,"
",no rating,no review,"

166"
95,Denami Suites ,"Port Harcourt, Rivers - 14 Eze Apara Close, Off NTA/ Apara Link Road, Rumuigbo New Layout.",10000,",Restaurant,
Bar

",no rating,no review,"

648"
96,Alasaka Hotel ," Port Harcourt, Rivers -  18 Nwakanhu Sunshine Estate, Redeem Road, Rumunduru, Off East-West Road, Eliowhani, Obio Akpor",3500,"
",no rating,no review,"

27"
97,Tevit Homes,"Port Harcourt, Rivers - No 31/46, Forces Avenue, Old GRA, ",10000,",Restaurant,
Bar,
Gym

",no rating,no review,"

183"
98,NO 3 Hotel,"Port Harcourt, Rivers - No 3 King Perekule Street, New GRA, Port Harcourt",15000,",Restaurant,
Bar

",6.0 Very Good,1,"

209"
99,The Elkan Terrace,"Port Harcourt, Rivers - Plot 12B Abacha Link Road, GRA Phase 3",29400,",Internet,
Restaurant,
Bar,
Gym

",7.4 Very Good,2,"

151"
100,Lotus Hotels ,"Port Harcourt, Rivers - Bozgomero Estate 30, Abuloma Road, Trans-Amadi Layout",13000,",Restaurant,
Pool,
Bar,
Gym

",no rating,3,"

149"
101,Greenfield Resorts Limited,"Port Harcourt, Rivers - 12-16 Bishop Dimeri Street Off Evo Road, GRA Phase II.",10000,",Restaurant,
Pool,
Bar

",no rating,1,"

101"
102,Living Shepherds Hill Hotels ,"Port Harcourt, Rivers - 44 Okporo Road, First Artillery Junction, Rumuogba-Obio",6650,",Restaurant,
Bar

",6.4 Very Good,3,"

86"
103,Sapphire Hotels Limited,"Port Harcourt, Rivers - 13,Ovunwo Street Off Khana Street, D/Line.",6000,",Restaurant,
Bar

",no rating,no review,"

112"
104,Manorgrove House Hotel,"Port Harcourt, Rivers - NTA Road Opposite NTA Premises ",13000,",Restaurant,
Bar

",no rating,no review,"

56"
105,Bestvile Hotel,"Port Harcourt, Rivers - No. 31 Ahoda Street Rumuibekwe Housing Estate, By Shell R.A ",12000,"
",no rating,no review,"

47"
106,Limpopo Springs,"Port Harcourt, Rivers - 7 Boskel Road, Aba/Ph Expressway",17000,",Internet,
Restaurant,
Pool

",no rating,3,"

34"
107,Le-Eldera Hotel," Port Harcourt, Rivers - 1 Glass House, Convenant Avenue Off Stadium Road, Port Harcourt, ",26000,",Restaurant,
Pool,
Bar

",no rating,no review,"

32"
108,Royal Diamond Hotel,"Port Harcourt, Rivers - 1 Chief Mba Close Before Artillery Junction Aba Express Way, Rumuogba",8000,",Internet,
Restaurant,
Bar

",no rating,no review,"

19"
109,Modex Hotel,"Port Harcourt, Rivers - 22 Professor Abowei Street, GRA 500272, Port Harcourt ",13500,"
",no rating,no review,"

17"
110,Max-Chef Hotels Limited,"Port Harcourt, Rivers -  4 Maxwel Owabie Street, Iwofe Road By Ada George Junction.",6000,",Restaurant

",no rating,no review,"

112"
111,Daffodil Meridien Hotel,"Port Harcourt, Rivers - 203 Eneka/Igwuruta Road, Opposite Model Primary School/Divisional Elimgbu Police Station",7000,",Pool,
Bar,
Gym

",7.0 Very Good,1,"

192"
112,Everyday Check Inn Limited,"Port Harcourt, Rivers -  26 Elelenwo Street. GRA",18315,",Internet,
Restaurant

",no rating,2,"

186"
113,Davidson International Hotel,"Port Harcourt, Rivers - 34 Deeper Life Road, Off 175 Abuloma Road, Port Harcourt, Rivers State, Nigeria.",4800,",Restaurant,
Bar

",7.3 Very Good,3,"

99"
114,Beverly Hills Hotel ,"Port Harcourt, Rivers - 130 Woji Road, GRA Phase II  ",9000,",Internet,
Restaurant,
Pool,
Bar

",no rating,38,"

1894"
115,Sanclin Hotel,"Port Harcourt, Rivers - Plot 4 Eternity Close Off Eliparanwo,Off Ada George Road.",6500,",Restaurant,
Bar

",7.7 Very Good,3,"

211"
116,Ivory Hotels ,"Port Harcourt, Rivers - Ohia Ogologo Layout, Nkpolu Rumuigbo By Mercyland, Redeem Camp,East-West Road",6500,",Restaurant,
Bar

",no rating,6,"

82"
117,Tocville Gardens And Suites,"Port Harcourt, Rivers - Ada-George Road, Near Kala Police Post, Rumuepirikom",8000,",Internet,
Restaurant,
Pool,
Bar,
Gym

",no rating,no review,"

80"
118,Ferguson International Guest House,"Port Harcourt, Rivers - 1 Elelenwo Str. GRA Phase I.",6000,",Restaurant

",no rating,3,"

77"
119,Wingate House Hotel,"Port Harcourt, Rivers - 15 Ohia Mini Road, Rumuigbo",12810,",Restaurant,
Bar

",7.6 Very Good,2,"

75"
120,The Riviera Homes Golf Resort,"Port Harcourt, Rivers - 15, Ernest Ikoli Street, Old GRA",30000,",Internet,
Restaurant,
Bar

",no rating,1,"

53"
121,Mckay Resort Suites ,"Port Harcourt, Rivers - No 35 Uniport Road Opposite Everich Choba",5000,",Restaurant,
Pool

",no rating,no review,"

53"
122,Embel Hotels,"Port Harcourt, Rivers - 13 Eliowhani/ Rumunduru Road, Obio Akpor",6500,",Restaurant,
Bar

",no rating,no review,"

30"
123,George Raynolds Hotels ,"Port Harcourt, Rivers - 16, Wellington Close Off Location Road, Mgbuoba, Port Harcourt, Rivers ",no price,",Restaurant,
Pool,
Bar

",no rating,no review,"

28"
124,Twinkles Hotel,"Port Harcourt, Rivers - 8 Graceland Avenue,Tombia Extension, GRA Phase 2",12000,",Pool,
Bar

",no rating,no review,"

27"
125,Samaritan Hotels Limited,"Port Harcourt, Rivers - 27-31 Olozu Street,Off Stadium Road",7000,",Internet,
Restaurant,
Bar

",no rating,no review,"

12"
126,DANETO HOTEL AND CONFERENCE LTD,"Port Harcourt, Rivers - No. 8 Rehoboth Drive Off Egbo Etche Road Eleme Junction By Aba Road Portharcourt",10000,",Restaurant,
Bar

",no rating,no review,"

12"
127,Afrique Continental,"Port Harcourt, Rivers - No 2 Chief Goka Street, Akpajo-Eleme, Along East West Road",no price,"
",no rating,no review,"

10"
128,De Eagle Hotel ,"Port Harcourt, Rivers - Nkpolu Road, Off The East West Road At Nkpolu Junction",no price,",Restaurant

",no rating,no review,"

8"
129,Chekwa Guest House ,"Port Harcourt, Rivers - 10 0nwuchekwa Avenue, Elelenwo",2500,"
",no rating,no review,"

43"
130,Pixy Hotels,"Port Harcourt, Rivers - Road 2-Pixy Avenue, Oroazi Layout.",7000,",Restaurant,
Pool,
Bar

",no rating,1,"

67"
131,Arcania Hotel,"Port Harcourt, Rivers -  5 Ada George, ",4000,",Restaurant,
Bar

",6.8 Very Good,1,"

201"
132,Amam Hotels Limited,"Port Harcourt, Rivers - No 2, Okomoko Street D/Line, Rumuepirikom, Port Harcourt, Nigeria",6500,",Restaurant,
Bar

",no rating,no review,"

79"
133,Mekan Hotels,"Port Harcourt, Rivers - 17 Old Refinery Road, Akpajo, Eleme",5000,"
",no rating,no review,"

27"
134,Grand Montecito Hotels ,"Port Harcourt, Rivers - Plot F/33, Sani Abacha Road, Close 303 GRA Phase 3",10000,",Restaurant

",no rating,2,"

92"
135,Aldgate Hotels,"Port Harcourt, Rivers - 20B King Perekule Street G.R.A Phase II",8050,",Restaurant,
Bar

",7.2 Very Good,10,"

408"
136,Amanda Hotels,"Port Harcourt, Rivers - Plot 317 Woji Road G.R.A Phase II,",12000,",Restaurant,
Bar

",no rating,3,"

250"
137,City View Hotels,"Port Harcourt, Rivers - Plot 15/17, Close 2, Akwara Avenue, Off Orazi/ Ebara Road, Opposite Sonabel Medical Centre, Mile 4, Rumueme.",7000,",Internet,
Restaurant

",no rating,2,"

196"
138,"Hatfield Hotel, Port Harcourt","Port Harcourt, Rivers - 4 Ogbonda St, Total/Elf Village Rd, Shell R.A, 1st Artillery.",9500,",Internet,
Restaurant,
Pool,
Bar,
Gym

",7.9 Very Good,4,"

77"
139,Claridon Hotels ,"Port Harcourt, Rivers - 273/274 Aba Expressway, Rumuogba",25200,",Restaurant,
Pool,
Bar,
Gym

",no rating,1,"

69"
140,NorthCrest Hotel,"Port Harcourt, Rivers - 100 Grace Avenue, Along NDDC Road, Opposite Eckankar.",8000,",Restaurant,
Bar

",7.2 Very Good,1,"

62"
141,Libac Hotels,"Port Harcourt, Rivers - KM16 Portharcort Int'l Airport Road, Opp. Police Divisional Headquaters, Igwuruta Portharcourt, River State",8000,",Internet,
Restaurant

",no rating,no review,"

58"
142,EDITIMS HOTELS LIMITED,"Port Harcourt, Rivers - 15 Ebara Orazi, Rumueme, Obio Akpor P.H",15000,"
",no rating,no review,"

51"
143,Diana Hotels ,"Port Harcourt, Rivers - 42B Obi Wali Road, Rumuigbo",6000,",Restaurant,
Bar

",no rating,no review,"

41"
144,Starking Suites,"Port Harcourt, Rivers - 7 Tombia Road, Opp Polo Field, Port Harcourt",no price,",Internet,
Restaurant,
Pool

",no rating,1,"

40"
145,Mikado Motel Nigeria Limited,"Port Harcourt, Rivers - 12 Uyo Street, Rumuomasi",no price,",Restaurant

",no rating,1,"

36"
146,Oasis Green ,"Portharcourt, Rivers - 3 Nyenwenwo Avenue Hillview (Cocain) Estate Rumuogba",10000,",Restaurant

",no rating,no review,"

36"
147,Bluxton Hill Hotel,"Port Harcourt, Rivers - 30 Hilltop Drive Rumukalagbor ",12000,",Restaurant,
Bar,
Gym

",no rating,2,"

34"
148,Exit Hotel,"Port Harcourt, Rivers - 36 Obi-Wali,Road Rumuigbo.",no price,",Restaurant,
Bar

",no rating,no review,"

34"
149,Eastlake Hotel,"Port Harcourt, Rivers - Plot 109 GRA, Phase III, (No 7 Royal Crescent), Off Prof Abowei Street, Port Harcourt, Rivers State, Nigeria",no price,",Restaurant,
Pool,
Bar

",no rating,1,"

28"
150,Eden Classic Hotel (Edessa Hotels),"Port Harcourt, Rivers - 75 Egbelu Behind Omega Plaza, East West Road, Rumuodara, Obio Akpor.",no price,",Internet,
Restaurant,
Bar

",no rating,no review,"

28"
151,Afrique Continental,"Port Harcourt, Rivers - Adonai Bust Top East/West Road Akpajo-Eleme",no price,",Bar

",no rating,no review,"

25"
152,Applause Hotels,"Port Harcourt, Rivers - Plot 30/45 Federal Housing Site (ADP) Rumuodomaya, Obio Akpor L.G.A., Port Harcourt, Beside Gifted Hands School",no price,",Restaurant,
Bar

",no rating,1,"

23"
153,Igoni Palace Hotel View Hotel,"Port Harcourt., Rivers - No. 1 Igoni Lane, Off NNPC Refinery Main Gate, Abam Junction, Okrika ",10000,",Internet,
Restaurant,
Pool,
Bar

",no rating,1,"

17"
154,Savvy Sunny Suites,"Port Harcourt, Rivers - 6 Nwankpa Close Off Okoro Road, Artillery",7000,",Restaurant

",no rating,no review,"

17"
155,Rayjok Hotel And Suites,"Port Harcourt, Rivers - 10 East-West Road, Port Harcourt",13000,",Internet,
Bar

",no rating,no review,"

15"
156,Resdon Hotel And Suites," Port Harcourt, Rivers - 32, Christ Avenue Off Igbo Etche Road, Rumuokwurushi Pipeline Port Harcourt",10000,"
",no rating,no review,"

10"
157,Dew Drops,"Port Harcourt, Rivers - No 1 Grace Avenue, Umuebele IV, Off Makason Junction, Umuebele, Etche",no price,",Restaurant,
Bar

",no rating,no review,"

6"
158,De Revelation Hotel,"Port Harcourt, Rivers - No 8 Ezimgbu (Mummy B) Road GRA Junction ",15000,",Restaurant,
Bar

",no rating,no review,"

4"
159,Salen Hotels,"Port Harcourt, Rivers - No 3 Obudo Street Along Nta Road Mbuogba",3000,"
",no rating,no review,"

90"
160,Nuton Sofia Hotel,"Port Harcourt, Rivers - 7 Chief John Wobeo Street, Off Agip Road, Mgbuosimini, Port Harcourt, Nigeria",3500,",Internet,
Bar

",no rating,no review,"

73"
161,Mikeze Hotels,"Port Harcourt, Rivers - 2 Elder Ezebunno Street, Off Obiwali Road Rumuigbo",4000,",Restaurant,
Bar

",no rating,no review,"

32"
162,CrownGate Guest House,"Port Harcourt, Rivers -  2 Emmanuel Street, Off NTA Road Mgbuoba",4500,",Restaurant,
Bar

",no rating,no review,"

17"
163,Afrique Express Guest House Eneka,"Port Harcourt, Rivers - Along Rukpoko Road, Eneka",5000,"
",no rating,no review,"

14"
164,Afrique Express Guest House Akpajo 1,"Port Harcourt, Rivers - 1 Adonai Bus Stop, Akpajo Eleme Road, Along Eleme/Onne Express Road",5000,"
",no rating,no review,"

14"
165,Opami Suites,"Port Harcourt, Rivers - 5/7 Igwe Avenue Off Woji Road By Railway Junction, Rumurolu",3500,"
",no rating,no review,"

12"
166,Rasa Hotel,"Port Harcourt, Rivers - 300 Rumuaghaolu Road, Rumuagholu,",no price,",Internet,
Restaurant

",no rating,no review,"

99"
167,Luna Hotels,"Port Harcourt, Rivers - 204 Aba Road",3000,"
",no rating,no review,"

47"
168,Nikky Suites And Hotel,"Port Harcourt, Rivers - 9 Circular Road, GRA Phase 3.",13500,",Restaurant,
Bar

",no rating,2,"

45"
169,Larritel Hotels Limited,"Port Harcourt, Rivers - No 166 NTA Choba Road",4500,",Restaurant,
Bar

",no rating,no review,"

45"
170,Oyinmola Guest House,"Port Harcourt, Rivers - 5 Christ Avenue Opposite,FGGC Abuloma.",5000,",Restaurant,
Pool,
Bar

",no rating,no review,"

34"
171,The Residency Hotel,"Port Harcourt, Rivers - Plot 4 PJA Close By Christ Embassy Rumuigbo Off Psychiatric Hospital Road Rumuola",6000,",Internet,
Restaurant,
Bar

",6.4 Very Good,2,"

48"
172,Southern Star Hotel ,"Port Harcourt, Rivers - 1 Achinewhu Close, Eliada Estate, Adjacent To Prime Medical Hospital, Okporo Road, Off Artillery Junction",35000,",Restaurant,
Bar

",no rating,1,"

27"
173,Shabach Hotels,"Port Harcourt, Rivers - 23, Chief John Coobo Street Off Agip Road, Port Harcourt, Rivers ",no price,"
",no rating,1,"

21"
174,O'Cee White Hotels Limited,"Port Harcourt, Rivers - 52 Uniport Road Choba",2600,",Restaurant

",no rating,no review,"

21"
175,Tel Aviv Hotel And Event Center,"Port Harcourt, Rivers - 9/10 Okania New Layout Off Ada George By Location, Rumueme",no price,",Restaurant,
Bar

",no rating,no review,"

10"
176,Uga Link Hotel,"Port Harcourt, Rivers - 9/11 Odumini Lane, Road 24 Extension A, Agip Estate",5000,"
",no rating,no review,"

8"
177,Isreal Hotels &  Suites,"Port Harcourt, Rivers - Off Airport International Road, Iguruta Ikwerre Local Govt Area",3000,"
",no rating,no review,"

8"
178,Daveange Hotel,"Port Harcourt, Rivers - 11 Daniel Okocha, Street Off Psychiatric Road Rumuigbo.",7000,",Internet,
Restaurant,
Pool,
Bar,
Gym

",no rating,2,"

125"
179,Ebisa Hotel,"Port Harcourt, Rivers - 5 Timothy Lane, Rumuola",2200,"
",no rating,no review,"

60"
180,CSKR Hotels Ltd,"Port Harcourt, Rivers - Plot 7/9, Close 6B, Off Circular Road, Elekahia Housing Estate",13860,",Internet,
Restaurant,
Bar,
Gym

",no rating,no review,"

53"
181,Afrique Express Hotel,"Port Harcourt, Rivers - NO. 39 East West Road Rumekini ",3000,",Pool,
Bar

",no rating,no review,"

43"
182,De Reggys Hotels ,"Port Harcourt, Rivers - 76 Nkpolu, Rumuigbo Road.",5000,",Internet,
Restaurant,
Bar

",no rating,no review,"

43"
183,Alu Suites,"Port Harcourt, Rivers -  4 Kala Road, Behind Kala Police Station, Mile 4 Rumuokwuta",10500,",Restaurant,
Bar,
Gym

",no rating,1,"

40"
184,Rosemary Miracle Guest House,"Port Harcourt, Rivers - Christ Close Nvigwe Road, Woji, ",3000,"
",no rating,no review,"

32"
185,Hesteria Hotels,"Port Harcourt, Rivers - 17 / 19 Dick Wami Street, Off Abacha Rd, GRA Phase III",28000,",Restaurant,
Bar

",no rating,no review,"

30"
186,Neben Hotel,"Port Harcourt, Rivers - 3 Dan Close Off Bishop Dimiere GRAphase 2",8000,",Restaurant,
Bar

",no rating,no review,"

25"
187,Sangana Hotel,"Port Harcourt, Rivers - 9 Sangana Street  Mile 1, Diobu",no price,",Restaurant,
Bar

",no rating,no review,"

19"
188,Amoni Hotels ,"Port Harcourt, Rivers - Wodi Close, Off 58 Elelenwo Rd,  Port Harcourt,  Rivers State, Nigeria.",no price,",Internet,
Restaurant,
Bar

",no rating,2,"

17"
189,Chri Beam Hotels ,"Port Harcourt, Rivers - 1/3, Ohiamini Road, Elekahia,",5000,"
",no rating,no review,"

17"
190,De Hidden Guest House,"Port Harcourt, Rivers - 3 Ejekiru Epirikom Olumini Road, Rumueme",no price,",Restaurant,
Bar

",no rating,no review,"

17"
191,Monago Hotel,"Port Harcourt, Rivers - 8-10 Monago Close, East West Road, Rumuodara, Obio Akpor",5250,",Restaurant,
Bar

",no rating,no review,"

15"
192,Pizzazz Suites,"Port Harcourt, Rivers - Pizzazz Close, Off Emma Ave., School Rd, Elelenwo, Port Harcourt, Rivers State, Nigeria.",no price,",Internet,
Restaurant

",no rating,no review,"

15"
193,301 Hotel,"Port Harcourt, Rivers -  301 Woji Road, GRA Phase 2. ",8000,",Restaurant,
Bar

",no rating,no review,"

14"
194,365 SUITE,"Port Harcourt, Rivers - Cool Side Bar, Refinery Road, Eleme ",15000,",Restaurant,
Bar

",no rating,no review,"

14"
195,Optima Suites,"Port Harcourt, Rivers - No 2, Akwaka, Opposite Mobile Filling Station, Airport Road, Rumuodomaya",no price,",Restaurant,
Bar

",no rating,no review,"

14"
196,Hobsviano Hotel,"Port Harcourt, Rivers - No 6 Ogwuorlu Road Off Airport Behind Big Treat Bakery Rukpokwu ",3000,"
",no rating,2,"

12"
197,Belleza De Sophia Hotel Limited,"Port Harcourt, Rivers - Plot 10 Eastern Bye Pass, Opposite Redemption Ministries",24000,"
",no rating,no review,"

12"
198,Royal Afrique Hotels Oyibo,"Port Harcourt, Rivers - Along Eleme Access Road, Umusoya",5000,",Restaurant,
Pool,
Bar

",no rating,no review,"

12"
199,Orama Hotel,"Port Harcourt, Rivers - No 3 Okoa Rumuokwata ",3000,",Restaurant

",no rating,no review,"

10"
200,Afrique Express Guest House Aleto Eleme,"Port Harcourt, Rivers - Bori Expressway",5000,"
",no rating,no review,"

8"
201,Pachik Suites,"Port Harcourt, Rivers - 2 Akwaka Phase 3 Junction, By Pass, Off Obio Akpor Int'l Market Road",7000,",Restaurant,
Bar

",no rating,no review,"

8"
202,Oil Rig Camp Hotels,"Port Harcourt, Rivers - 5, Oworu Street, Off Ekere Street, Rumubiakani, Port Harcourt",6000,"
",no rating,no review,"

8"
203,Libac Hotels Limited,"Port Harcourt, Rivers - Opposite Police Divisional Igwuruta Airport Road, Igwuruta",no price,",Restaurant,
Bar

",no rating,no review,"

8"
204,Obennis Suite,"Port Harcourt, Rivers - 001 Rumahoulu Road",4000,"
",no rating,no review,"

6"
205,Afrik Twist Cuisine &  Pub,"Port Harcourt, Rivers - 16 Choba Street Off Agudama Street DL",8000,",Restaurant,
Bar

",no rating,no review,"

4"
206,Friakon Hotel,"Port Harcourt, Rivers - Aluu Junction, Rukpokwu, Police Check Point",5000,"
",no rating,no review,"

4"
207,Aleruchi Guest House,"Port Harcourt, Rivers - East West Road, Rumuopoku",3000,"
",no rating,no review,"

4"
208,Futta Jallon,"Port Harcourt, Rivers - Opposite Omagwa Anglican School, Omuikume",no price,",Restaurant,
Bar

",no rating,no review,"

4"
209,Helena Haven Hotels,"Port Harcourt, Rivers - K/M 1 East-West Road,  By Choba Police Station,  Choba, Port Harcourt",17000,",Internet,
Pool,
Bar

",7.5 Very Good,4,"

247"
210,Voyage Ranch Hotel,"Port Harcourt, Rivers - 26 Stadium Road, Port Harcourt, Rivers ",no price,",Restaurant,
Bar

",7.3 Very Good,11,"

374"
211,Nicon Hotel (Shut Down),"Port Harcourt, Rivers - 6 Benjamin Opara Street, Off Olu Obasanjo Road, GRA Phase III.",18500,",Internet

",no rating,2,"

88"
212,Vhelbherg Imperial Hotel ,"Port Harcourt, Rivers - 112/112A BANK ANTHONY AVENUE,OFF ORDINANCE ROAD,TRANSAMADI INDUSTRIAL LAYOUT ",18000,",Internet,
Restaurant,
Bar

",no rating,1,"

80"
213,Goshen Grand Hotel ,"Port Harcourt, Rivers - George Otuonye Crescent, Off Elelenwo Road, Behind Elelenwo Police Station. Rumuokwurusi, Port Harcourt",8000,",Restaurant,
Bar

",no rating,no review,"

66"
214,Mainland Hotels Limited,"Port Harcourt, Rivers - 29 Jetty Road, Abuloma.",3000,",Restaurant

",no rating,no review,"

93"
215,Au-delÃ  Des FrontiÃ¨res Hotel,"Port Harcourt, Rivers - 42 Tombia Extension, G.R.A, Port-Harcourt",12000,",Internet,
Restaurant,
Pool,
Bar

",no rating,no review,"

41"
216,Royal Residence Hotel,"Port Harcourt, Rivers - Plot 152 Tombia Street  GRA Phase I",14400,",Restaurant,
Bar

",no rating,1,"

40"
217,Erijoy Hotels Limited ,"Port Harcourt, Rivers - 5 Trans Amadi Road, Rumuobiakani",6000,",Restaurant,
Pool,
Bar,
Gym

",no rating,1,"

54"
218,Dos Royal Hotels ,"Port Harcourt, Rivers - 15th Ohiamni Road Runmola Behinde Owoma Motel",5000,"
",no rating,no review,"

34"
219,Muriela Hotels Limited,"Port Harcourt, Rivers -  7 Wokekoro Street Amadi Flat, Old GRA, Port Harcourt,Nigeria",10000,"
",no rating,no review,"

34"
220,Dumon Hotel ,"Port Harcourt, Rivers - 15A, Post Office Road, Woji,",4500,"
",no rating,no review,"

30"
221,Skill Hotel,"Port Harcourt, Rivers - 2 Eliparanwo Road, Off Ada George Road.",4000,",Restaurant,
Bar

",no rating,no review,"

28"
222,Dar Thery Suites,"Port Harcourt, Rivers - 4 Wisdom Close,By NEPA Office Off Obiwali Road",6000,",Pool,
Bar

",no rating,no review,"

28"
223,Limewood Hotel Port Harcourt,"Port -Harcourt, Rivers - Plot F 1B, Abacha Road,  GRA Phase 3, G.R.A. Port Harcourt 500272",55000,",Restaurant,
Pool

",no rating,no review,"

27"
224,EBEKENDY HOTEL ,"Port Harcourt,, Rivers - Plot 70,Graceland Road Tombia Extension, Phase 2 G.R.A Port Harcourt",20000,",Restaurant,
Bar

",no rating,no review,"

25"
225,Sophiella Hotels Limited,"Port Harcourt, Rivers -  2 Turujan By Pass, Off Okilo Road Abuloma",3500,",Restaurant,
Bar

",no rating,no review,"

23"
226,Royal Paragon Hotel,"Port Harcourt, Rivers - KM 2  COE/Iwofe Road, Rumueprikom",11000,"
",no rating,no review,"

23"
227,Cool Corner Hotels,"Port Harcourt, Rivers - 6 Woji New Layout, Woji",no price,"
",no rating,no review,"

23"
228,Chookies Guest House,"Port Harcourt, Rivers - 5 Lion Street, Woji",3000,"
",no rating,no review,"

21"
229,Banitex Hotel ,"Port Harcourt, Rivers - 121 NTA Road Mgbuoba ",5000,",Restaurant,
Bar

",no rating,no review,"

21"
230,Charmarian  Hotel (former De Eugene's Hotel),"Port Harcourt, Rivers - 15 Farm Road 1 Eliozu",7000,",Restaurant,
Bar

",no rating,no review,"

21"
231,Valley View Dorchester Hotels ,"Port Harcourt, Rivers - 179 Housing Estate Road, Rumuobiakani",no price,",Restaurant,
Pool,
Bar

",no rating,no review,"

19"
232,Bishop House Hotel,"Port Harcourt, Rivers - 35, Ndele Street, D Line, ",10000,",Internet,
Restaurant,
Pool,
Bar,
Gym

",no rating,no review,"

19"
233,Ohakwu Guest House,"Port Harcourt, Rivers - No 45 Uniport Road By SDA Stop ",3000,"
",no rating,no review,"

19"
234,Gade Place Hotel,"Port Harcourt, Rivers -  3 East West Road, Obiri Ikwerre Junction, By Airport Road.",10000,",Restaurant,
Pool,
Bar

",no rating,no review,"

19"
235,Compass Hotel And Suite,"Port Harcourt, Rivers - 3 Chief Onuaha Street, East-West Road, Rumuodara, Port Harcourt",4950,",Restaurant,
Bar

",no rating,no review,"

19"
236, Aristo House Hotel ,"Port Harcourt, Rivers - 41 Greg Ogbeifun Street, G.R.A, Phase 3",20000,",Restaurant,
Bar

",no rating,no review,"

17"
237,18 04 Hotel,"Port Harcourt, Rivers - Elder Owhor Avenue, Off Elekahia, Rumuokalaghor Link Road",15000,",Restaurant

",no rating,no review,"

17"
238,Rosie Hotel,"Port Harcourt, Rivers - 1-3 Emeyal Street, GRA Phase I, ",no price,",Internet,
Restaurant,
Pool,
Bar

",no rating,no review,"

15"
239,Sevilla Hotels,"Port Harcourt, Rivers - 2 Marshall Close, Off Mife Road, Rumogba Estate",8000,"
",no rating,no review,"

15"
240,Varlin Hotel,"Port Harcourt, Rivers -  1 Marine Close Off, Rumuoke By Kala Police Post.",4400,"
",no rating,no review,"

15"
241,Edobi Suites,"Port Harcourt, Rivers - Plot 87/88 Estate Road, Rumuogba Estate. Rumuogba",9000,"
",no rating,no review,"

15"
242,Amethyst Apartments,"Port Harcourt, Rivers - RivTaf Golf Estate Off Peter Odili Road Trans-Amadi",no price,",Internet,
Pool

",no rating,no review,"

15"
243,De-Lasmall Hotel And Resort,"Port Harcourt, Rivers - 9 Rumukalagbor/Elekahia Link Road, Off Waterlines, Port Harcourt,",20000,",Restaurant,
Pool,
Bar

",no rating,no review,"

15"
244,Wole's Guest House,"Port Harcourt, Rivers -  1 Logo Avenue By Bakers Palace, Off Abuloma Road",8500,",Restaurant,
Bar

",no rating,1,"

20"
245,Chenice Garden Hotel,"Port Harcourt, Rivers - 94 Market Road, Umuahia",6900,"
",no rating,1,"

14"
246,"Millenium Hotel, Port Harcourt","Port Harcourt, Rivers - Plot 3, Ovonwo Lane, Rumuagholu, Port Harcourt, Rivers ",3000,",Restaurant,
Bar

",no rating,no review,"

14"
247,Sissi Hotel,"Port Harcourt, Rivers - 46, Oromenike Str, D/Line, ",no price,",Internet,
Restaurant,
Bar

",no rating,no review,"

14"
248,Mission Guest House,"Port Harcourt, Rivers - No 5, Off Jesus Wobasi Avenue, Off Orazi, ",no price,",Restaurant,
Bar

",no rating,no review,"

14"
249,Lasmall Suites," Port Harcourt, Rivers -  2 Oroma Close, Off Oluobasanjo Rd, D/line. GRA",10000,",Restaurant,
Bar

",no rating,no review,"

12"
250,La' Wealth Hotel ,"Port Harcourt, Rivers - No 10 Pipeline Road Rokpokwu",no price,"
",no rating,no review,"

12"
251,Wodi Guest House,"Port Harcourt, Rivers - 10 Wodi New Layout, Elelenwo, Umurolu",no price,",Bar

",no rating,no review,"

12"
252,De Infinity Sky Suite,"Port Harcourt, Rivers - Police Post, Off New Airport Road",7000,",Restaurant,
Bar

",no rating,no review,"

10"
253,Mira Hotels Limited,"Port Harcourt, Rivers - 23, Igbodo Street, Old GRA, ",9000,"
",no rating,no review,"

10"
254,Chenice Garden Hotel (Annex),"Port Harcourt, Rivers - 94 Market Road, Rumumasi",10000,"
",no rating,no review,"

10"
255,D2D Homes & Lounge ,"Port Harcourt, Rivers - 30/32 Elelenwo Street, GRA.",15000,",Restaurant,
Bar

",no rating,no review,"

10"
256,Crib Delaroke (Same As Cribville Lifestyle Hotel),"Port Harcourt, Rivers - No 17b William Jumbo Street, Old G.R.A, Port Harcourt.",30000,",Internet,
Restaurant,
Pool,
Bar,
Gym

",no rating,no review,"

10"
257,Tommevyll Hotels,"Port Harcourt, Rivers - No 7,  Igwuruta Road, Opp Eneka Civic Centre By Eneka, Obio Akpor Local Government Area",5000,"
",no rating,no review,"

10"
258,People's Prestige Hotel,"Port Harcourt, Rivers -  40 ,Rumuola Road, Rumola, Port Harcourt, Rivers, Nigeria",no price,",Internet,
Restaurant,
Bar

",no rating,no review,"

10"
259,Driff Angelos Hotels ,"Port Harcourt, Rivers - Success Avenue, Happy Street, Rukpokwu, Port Harcourt, Nigeria",5000,",Restaurant,
Bar

",no rating,no review,"

10"
260,Bevaluable Banquet ,"Port Harcourt, Rivers - 1, Bevaluable Avenue, Ozuoba, Port Harcourt, Nigeria",8400,",Internet,
Restaurant,
Bar

",no rating,no review,"

10"
261,La Wealth Hotel,"Port Harcourt, Rivers - Pipe Line Road, Rupkokwu, Okporo, Off Vondorix Road, ",2500,",Restaurant

",no rating,no review,"

10"
262,Peoples Prestige Hotel,"Port Harcourt, Rivers - 40 Rumuola Road, Peoples Club Premises, Rumuola",no price,",Internet,
Restaurant,
Bar

",no rating,no review,"

10"
263,Odum J. Hotel,"Port Harcourt, Rivers - No. 1 Odums Street, East West Road, Choba",no price,"
",no rating,no review,"

10"
264,Evron Matrix Hotel,"Portharcourt, Rivers - 13 Orlu Close, Rumuomasi",no price,",Restaurant,
Bar

",no rating,no review,"

10"
265,Charleson Luxury Hotel,"Port Harcourt, Rivers - 3-7 Charleson Luxury Drive, Igwuruta Ali Off Airport Road, Port Harcourt",60000,",Restaurant,
Pool,
Bar,
Gym

",no rating,no review,"

10"
266,Chivo Hotel,"Port Harcourt, Rivers - Opposite White House, Along Airport House",4000,",Bar

",no rating,no review,"

8"
267,Penguin Hotel,"Port Harcourt, Rivers - No 10 Ehio Street Off Road Mbougba",4500,"
",no rating,no review,"

8"
268,Transit Care Hotels,"Port Harcourt, Rivers - 8 Ndashi Street, Off Wogu Street, D/Line",no price,",Restaurant,
Pool,
Bar

",no rating,no review,"

8"
269,CREEK VIEW HOTELS AND RESORT,"Port Harcourt, Rivers - 2nd CIRCULAR ROAD, OFF ALCON WOJI. PORT HARCOURT",no price,",Restaurant,
Bar

",no rating,no review,"

8"
270,Anabeth Suites And Resorts Ltd,"Port Harcourt, Rivers - 258 PH Aba Express Road, Rumuogba",7000,",Restaurant,
Bar

",no rating,no review,"

8"
271,Rest Place,"Port Harcourt, Rivers - 13, Harmony Avenue, Rumukurushi, Rumuodara",no price,",Restaurant,
Bar

",no rating,no review,"

8"
272,Frankfurt Hotel & Suites,"Port Harcourt, Rivers - 1 GENTLE STREET OFF UNIPORT-ALUU ROAD OPPOSITE GREEN HOUSE UMUOKIRI",21570,",Restaurant,
Bar

",no rating,no review,"

4"
273,Christiana Suites And Garden ,"Port Harcourt, Rivers - 30A NTA Road Rumuokwuta.",5500,",Restaurant,
Bar

",no rating,no review,"

6"
274,Tonne Gold Hotel,"Port Harcourt, Rivers - Road 13 Pipeline Road Rukpokwu ",3000,"
",no rating,no review,"

6"
275,Ilo Garden Hotel,"Port Harcourt, Rivers - 2 Ilo Street, Elekahia",5500,",Bar

",no rating,no review,"

6"
276,Abray Hotels,"Port Harcourt, Rivers - Ompadec Road Igunuta",3000,"
",no rating,no review,"

6"
277,Afriqu Express Hotel Choba,"Port Harcourt, Rivers - Choba Road, Rumuekini",8000,"
",no rating,no review,"

6"
278,Idah Guest House,"Port Harcourt, Rivers - No 3 Gideon Street Rumuaholu Road",2500,"
",no rating,no review,"

6"
279,Sunotel Nigeria Limited,"Port Harcourt, Rivers - 31 Oria Market Road, Rumuokwuta",5000,"
",no rating,no review,"

6"
280,Krisdera Hotels And Resort,"Port Harcourt, Rivers - 12, Umu-Ewo Royal Avenue, Go Round Villa, Opposite Ogba Comprehensive High School, Omoku.",no price,",Internet,
Restaurant,
Pool,
Bar

",no rating,no review,"

6"
281,Gibsco Hotels,"Port Harcourt, Rivers - 83, 85 & 86 Market Road, Rumuomasi, ",no price,",Restaurant,
Bar

",no rating,no review,"

6"
282,Tehinnah Hotels,"Port Harcourt, Rivers - 7/9 Tehinnah Close By New Road Off East West Road.",3000,"
",no rating,no review,"

6"
283,Clock Tower Hotels,"Port Harcourt, Rivers - 8, Graceland Avenue, Opp. Royal House Of Grace Church, Tombia Extension, G.R.A Phase 2, Port Harcourt, Rivers, POBox 10390 ",no price,",Restaurant,
Pool,
Bar,
Gym

",no rating,no review,"

6"
284,Samarc Hotels,"Port Harcourt, Rivers - No. 8, Nwosu Street",no price,",Restaurant,
Bar

",no rating,no review,"

6"
285,Asa Apartment ,"Port Harcourt, Rivers - Golf Estate, Trans Amadi Port Harcourt ",30000,",Pool

",no rating,no review,"

6"
286,"Exotic 4-Bedroom DnD Sweet Home Apartment, PH","Port Harcourt, Rivers - Golf Estate, Peter Odili Road, Port Harcourt",60000,",Pool

",no rating,no review,"

3"
287,"Labake Cottage, PHC","Port Harcourt, Rivers - No. 3 Odu Street, Rumuola Stadium Link Road, Port Harcourt",7800,",Restaurant,
Bar

",no rating,no review,"

6"
288,"De Palms Hotel, Port Harcourt","Port Harcourt, Rivers - 78 Elelenwo Street, GRA Phase 2, Port Harcourt",70000,",Restaurant,
Pool,
Bar,
Gym

",no rating,no review,"

6"
289,Toki Hotels ,"Port Harcourt, Rivers - Nkpogu Road, Trans Amadi, ",no price,",Restaurant,
Pool,
Bar

",no rating,no review,"

4"
290,Pishon Gate Hotels,"Port Harcourt, Rivers - 43b Okporo Road, By Artillery Junction, Beside Everyday Supermarket",5000,",Restaurant,
Bar

",no rating,no review,"

4"
291,Stardust Suites,"Port Harcourt, Rivers - Plot 10 Omerelu Street, GRA Phase 1, Port Harcourt, Rivers ",no price,",Internet,
Restaurant,
Bar

",no rating,no review,"

4"
292,RichLand Suites ,"Port Harcourt, Rivers - No 6 Airport Road Rukpokwu",4000,",Restaurant,
Bar

",no rating,no review,"

4"
293,Charluz Place Hotel,"Port Harcourt, Rivers - No 5 Gojotha School Link Road Ozouoba Port ",3000,",Bar

",no rating,no review,"

4"
294,Ichee Himee Hotel,"Port Harcourt, Rivers - Road 2, Akwara Road, Rumuodomaya",4000,"
",no rating,no review,"

4"
295,Kalada Hotel,"Port Harcourt, Rivers - No.13 Nyeche Street Rumuaholu",3000,"
",no rating,no review,"

4"
296,Badu Hotel,"Port Harcourt, Rivers - 22 Standard Road, Elenjenwo",no price,"
",no rating,no review,"

4"
297,Texas Cafe Hotel ,"Port Harcourt, Rivers - 1 Harold Wilson Drive, Borikiri",12000,"
",no rating,no review,"

4"
298,Gonsiv Hotel & Suites,"Port Harcourt, Rivers - 7B Ilom Street, Rumurolu Woji",7000,"
",no rating,no review,"

4"
299,Minchrinz Hotels Limited,"Port Harcourt, Rivers - 68 Rumuagholu Road",3000,"
",no rating,no review,"

4"
300,TIP-TOP HOTEL,"Port Harcourt, Rivers - #5 Orosi Avenue, Off Psychiatric Road Rumuigbo",no price,"
",no rating,no review,"

4"
301,Frajocy Hotels Limited,"Port Harcourt, Rivers - 20 Nyege Close Off Gbei Road Nkpolu ",5000,",Restaurant,
Bar

",no rating,no review,"

4"
302,Royal Garden Hotel,"Port Harcourt, Rivers - 7A, Savannah Avenue, Off Fleming Street, Rumuomasi, Port Harcourt, Rivers",no price,"
",no rating,no review,"

4"
303,Unique Resort And Guest House (Oyibo),"Port Harcourt, Rivers - 6 Ndubuisi Okoro Street, Mbano Camp",3150,"
",no rating,no review,"

4"
304,Glorious Hotel,"Port Harcourt, Rivers - Uniport Road, Rumualogu",no price,",Restaurant,
Bar

",no rating,no review,"

4"
305,Service And Smile Hotel,"Port Harcourt, Rivers - 4, Odu Street, Rumuola",no price,"
",no rating,no review,"

4"
306,Milkyway Hotels And Suite,"Port Harcourt, Rivers - Milky Way Close, Aluu",no price,",Bar

",no rating,no review,"

4"
307,Sobambam Guest House,"Port Harcourt, Rivers - 11 RD Road, Rumudara, Okporo",no price,",Restaurant,
Bar

",no rating,no review,"

4"
308,Toz - Etua Hotels,"Port Harcourt, Rivers - 11, Otogbo Avenue, Nkpolu, Rumuigbo",no price,",Bar

",no rating,no review,"

4"
309,Japhia Hotel,"Port Harcourt, Rivers - No 20, Jonah Street, Off Onukem Street, Rumuodara",no price,",Bar

",no rating,no review,"

4"
310,Pevico Guest House,"Port Harcourt, Rivers - New Camp Umugbulu, Igbo Etche",no price,",Restaurant,
Bar

",no rating,no review,"

4"
311,Hotel De Sinteh,"Port Harcourt, Rivers - 11, Ijbukwu Street, V - Line, Diobu",no price,",Restaurant,
Bar

",no rating,no review,"

4"
312,Gmg Motel,"Port Harcourt, Rivers - Rukpokwu Road Close To Checkpoint, Rukpokwu",no price,",Restaurant,
Bar

",no rating,no review,"

4"
313,Kristov's House,"Port Harcourt, Rivers - 70B Abacha Link Road, GRA Phase 3, Port Harcourt ",30000,",Restaurant,
Bar,
Gym

",no rating,no review,"

4"
314,Kingscourt Shortlet,"Port Harcourt, Rivers - No. 1, Solomon Nwali Street, Owipha, Choba, Port Harcourt",15000,"
",no rating,no review,"

4"
315,Oak Haven Hotel & Suites,"Port Harcourt, Rivers - Plot 126 Woji Road, GRA Phase 2, Port Harcourt",50000,",Internet,
Restaurant,
Pool,
Bar,
Gym

",no rating,no review,"

4"
316,Focal Hotel ,"Port Harcourt, Rivers - 155 Woji RoadGRA Phase II P/H, Woji Town, Port Harcourt",no price,"
",no rating,2,
317,Marts-C Guest House,"Port Harcourt, Rivers - 3 Elidorlu Street, Rumuokwurusi",no price,",Restaurant,
Bar

",no rating,1,"

2"
318,Hotel Nineveh,"Port Harcourt, Rivers - 3 Chief Onuoha Street, Off Ordu Avenue, Opposite. Omega Conference Hall.",4500,"
",no rating,no review,"

2"
319,Conference Hotel ,"Port Harcourt, Rivers - Plot 1A/1B, Conference Aveune, G.R.A, Port Harcourt, Rivers",no price,"
",no rating,no review,"

2"
320,Meidan Hotels & Appartments,"Port Harcourt, Rivers - 6 Benjamin Opara Street, Off Olu Obasanjo Road, GRA Phase III",no price,"
",no rating,no review,"

2"
321,Listan Hotels,"Port Harcourt, Rivers - 8 Weli Close Mgbueshilaru Obio/Akpor",6000,",Restaurant,
Bar

",no rating,no review,"

2"
322,Motel Formula One,"Port Harcourt, Rivers - Plot 270, Old Refinery Road, After RSTV, Elelenwo",no price,",Restaurant,
Bar

",no rating,no review,"

2"
323,Regent Suites,"Port Harcourt, Rivers - 6a Obanoban Street Off Evo Road GRA Phase 2",no price,"
",no rating,no review,"

2"
324,Mary-Dox Guest House,"Port Harcourt, Rivers - 24/25 Sangaya Street By Park",3500,",Restaurant,
Bar

",no rating,no review,"

2"
325,Otu-nne Guest House,"Port Harcourt, Rivers - 3 Rukplowsi, New Layout",3000,",Restaurant,
Bar

",no rating,no review,"

2"
326,Hotel Sunnyville,"Port Harcourt, Rivers - 68, Olu Obasanjo Road, Port Harcourt, Rivers",no price,"
",no rating,no review,"

2"
327,Samfer Hotels Limited,"Port Harcourt, Rivers - 5 Samfer Drive, Beside Total Fillng Station, Rukpokwu",4000,"
",no rating,no review,"

2"
328,Mc Mega Class Hotels & Suites,"Port Harcourt, Rivers - Plot 32, Ada George Road, Mile 4, Port Harcourt, Rivers State, Nigeria.",no price,"
",no rating,no review,"

2"
329,Labake Hotel,"Port Harcourt, Rivers - 31, Olu Street, ",no price,"
",no rating,no review,"

2"
330,Maro-Citi Hotels Limited,"Port Harcourt, Rivers - 1st Close, House 2 Christ Avenue, Abuloma Road.",5500,",Restaurant,
Bar

",no rating,no review,"

2"
331,Hotel Rose Bud,"Port Harcourt, Rivers - Plot 49, Trans Amadi Industrial Layout, Port Harcourt, Rivers",no price,"
",no rating,no review,"

2"
332,Maroke Guest House,"Port Harcourt, Rivers - 225/235 Can Link Road. GRA Phase I.",7000,",Restaurant,
Bar

",no rating,no review,"

2"
333,BT International Hotel," Port Harcourt, Rivers - 7, UOE Road",no price,"
",no rating,no review,"

2"
334,J Egbo Hotel,"Port Harcourt, Rivers - 43 Okeoro Road, Rumougba",6000,"
",no rating,no review,"

2"
335,Campas Hotel ,"Port Harcourt, Rivers - KM 18, Airport Road, By Total Filling Station, Rukpoku",6000,"
",no rating,no review,"

2"
336,Royal White Suite,"Port Harcourt, Rivers - 22 Ohia Street, Old GRA.",no price,",Restaurant,
Bar

",no rating,no review,"

2"
337,Decan Hotels,"Port Harcourt, Rivers - Behind Adamac, Chief John E. Onukem Close, East West Road",3500,"
",no rating,no review,"

2"
338,Molit Hotels ,"Port Harcourt, Rivers - 45, Okporo Road, Rumuogba, Port Harcourt, Rivers State, Nigeria.",no price,",Restaurant,
Bar

",no rating,no review,"

2"
339,Munquie's Hotel,"Port Harcourt, Rivers - 20 Rumuokpachi Off Uniport Road ",4000,"
",no rating,no review,"

2"
340,Ingot Hotel,"Port Harcourt, Rivers - 105 Ikwere Road ",no price,"
",no rating,no review,"

2"
341,Safar Hotel,"Port Harcourt, Rivers - Rumuigbo, Port Harcourt, Rivers ",no price,"
",no rating,no review,"

2"
342, Point Bar Hotel,"Port Harcourt, Rivers - No 1 Aligigi Estate, Opposite White House, Rukpokwu",4000,"
",no rating,no review,"

2"
343,Ben World Hotel,"Port Harcourt, Rivers - 12 Chioma Avenue, Rumugba",3000,"
",no rating,no review,"

2"
344,Geonocyn Hotels Limited,"Port Harcourt, Rivers - 63 Abacha Lane, GRA III",10000,",Restaurant,
Bar

",no rating,no review,"

2"
345,Goseg Hilton Hotels ,"Port Harcourt, Rivers - 5/6 Nta Road, Rumuokwuta, Port Harcourt, Rivers",no price,"
",no rating,no review,"

2"
346,Mission Hotels & Suites Limited,"Port Harcourt, Rivers - 5 Wobai/Jesus Avenue Off Ebon Road Orazi.",9300,"
",no rating,no review,"

2"
347,Mocan City Hotel,"Port Harcourt, Rivers - No 4 Okpozi Street Obio Akapor ",3000,"
",no rating,no review,"

2"
348,Tog Hotel,"Port Harcourt, Rivers - Yola Street, Old GRA,",no price,"
",no rating,no review,"

2"
349,GRAND VENICE HOTELS,"Port Harcourt, Rivers - Plot 19, Igwe Family Layout Rumuogba; Off Ecobank By Artillery Or By Mini-Ezekwu Street, Eliada Layout, Portharcourt, Rivers State.",no price,"
",no rating,no review,"

2"
350,Prince George Hotel,"Port Harcourt, Rivers - 28, Mbonu Street, D Line, Port Harcourt, Rivers",no price,",Restaurant,
Bar

",no rating,no review,"

2"
351,Christmas Village Hotels Nigeria Limited,"Port Harcourt, Rivers - RCCG Road, Eagle Island, Port Harcourt, Rivers",no price,"
",no rating,no review,"

2"
352,Peace Mark Hotel,"Port Harcourt, Rivers - Salvation Avenue, Rumuokoro, Port Harcourt, Rivers",no price,"
",no rating,no review,"

2"
353,The Pre-Eminence Hotel And Towers,"Port Harcourt, Rivers - 64 ,Old Refinery Road, Port Harcourt, Rivers, Nigeria",18000,"
",no rating,no review,"

2"
354,"BEST WESTERN, GRA Port Harcourt","Port Harcourt, Rivers - Plot F35, Woke Street, Off Abacha Road, GRA Phase 3",no price,"
",no rating,no review,"

2"
355,Linata First House And Suites,"Port Harcourt, Rivers - Air Port Road, Rupokwu, By Aluu Junction",6500,",Internet,
Restaurant,
Bar

",no rating,no review,"

2"
356,Doreana Hotels And Suites,"Port Harcourt, Rivers - Plot 208/201, Amadi Town, Trans-Amadi, Port Harcourt, Nigeria",no price,",Internet,
Restaurant,
Bar

",no rating,no review,"

2"
357,The Family House,"Port Harcourt, Rivers -  No 5 Prof Abowey Street GRA Phase 3, Rumuadaolu, Port Harcourt, Nigeria",7000,",Restaurant,
Bar

",no rating,no review,"

2"
358,Chisam Hotel Annex,"Port Harcourt, Rivers - 5 Chief Worlu Street Rumigbo ",8000,",Internet,
Restaurant

",no rating,no review,"

2"
359,Chanice Garden Hotel,"Port Harcourt, , Rivers - 94 Market Road Rumuomasi, ",6900,",Restaurant

",no rating,no review,"

2"
360,Le Pedro Hotel,"Port Harcourt, Rivers - 6 St. Stephen Street, Oyigbo",no price,",Restaurant,
Bar

",no rating,no review,"

2"
361,Tip Top Resort Hotel,"Port Harcourt, Rivers - No. 5, Orosi Avenue, Rumuigbo",no price,",Restaurant,
Bar

",no rating,no review,"

2"
362,Conris Place,"Port Harcourt, Rivers - Road 9, New Road, Okrika",no price,",Restaurant,
Bar

",no rating,no review,"

2"
363,Daras Hotel,"Port Harcourt, Rivers - 10B Atusiaka Street, Oyigbo, Obigbo",no price,",Restaurant,
Bar

",no rating,no review,"

2"
364,Crown Gate Guest House,"Port Harcourt, Rivers - No 2, Emmanuel Street Off Apara Link Road, Mgbuoba",no price,",Restaurant,
Bar

",no rating,no review,"

2"
365,TN Hotel,"Port Harcourt, Rivers - No 15 Elioparawo Road",no price,",Restaurant,
Bar

",no rating,no review,"

2"
366,Skills Hotels And Kitchen,"Port Harcourt, Rivers - 2 Elioparanwo Road, Mgbuoba",no price,",Bar

",no rating,no review,"

2"
367,Bonflo Guest House,"Port Harcourt, Rivers - 31, Odolokwu Road, Elelewon, Elelenwo",no price,",Restaurant,
Bar

",no rating,no review,"

2"
368,Memima Hotels,"Port Harcourt, Rivers - Anya Waterside, Rumuhagholu, Rumuokoro",no price,",Restaurant,
Bar

",no rating,no review,"

2"
369,Viaeny Suites,"Port Harcourt, Rivers - P2, Vianey Avenue, Umuahunwo, Aluu",no price,",Bar

",no rating,no review,"

2"
370,Favour Rich Lodge,"Port Harcourt, Rivers - Plot 3 Okporo Road Omuahunwo, Aluu",no price,",Restaurant,
Bar

",no rating,no review,"

2"
371,Kings View Guest House,"Port Harcourt, Rivers - 2, Amadi Close, Rumuodomaya",no price,",Bar

",no rating,no review,"

2"
372,Enijo Guest House,"Port Harcourt, Rivers - 8 Happy Street, Rumukpakolosi",no price,",Restaurant,
Bar

",no rating,no review,"

2"
373,Valandy Hotel,"Port Harcourt, Rivers - 4/6 Wizor Street Umuokiri, Choba",no price,",Restaurant,
Bar

",no rating,no review,"

2"
374,Obinos Hotel,"Port Harcourt, Rivers - No 5, Woherem Street, Mgbuoba",no price,",Restaurant,
Bar

",no rating,no review,"

2"
375,Dorachi Hotels,"Port Harcourt, Rivers - No 3 Agbuzor-Ihie Street, Aluu",no price,",Restaurant,
Bar

",no rating,no review,"

2"
376, Almet International Hotel Limited ,"Port Harcourt, Rivers - Port Harcourt Crescent,",no price,"
",no rating,no review,"

2"
377,Ozunma Hotels Limited ,"Port Harcourt, Rivers - 5 ,Odunonyoma Street, Rebisi",no price,"
",no rating,no review,"

2"
378,Aa-Place And Hotels ,"Port Harcourt, Rivers - 45 ,Winpey Road",no price,"
",no rating,no review,"

2"
379,Taland Place,"Port Harcourt, Rivers - 6-8 Emekuku Street, D Line, ",no price,"
",no rating,no review,"

2"
380,GrandVenice Hotel And Suites,"Port Harcourt, Rivers - Plot 19, Igwe Family Layout Rumuogba; Off Ecobank By Artillery Or By Mini-Ezekwu Street, Eliada Layout, Rivers State.",no price,"
",no rating,no review,
381,Creek Garden Hotel And Luxurious Apartment," Port Harcourt, Rivers - 22b Ohai Street, Old GRA, Off East By-pass,  Amadi Flats, Ogbunabali, Port Harcourt, ",13500,",Restaurant,
Pool,
Bar,
Gym

",no rating,no review,"

2"
382,Sovida Hotel,"Port Harcourt, Rivers - No. 24, Haeto Street, Elechi",no price,"
",no rating,no review,
383,Breezer Resort And Garden,"Port Harcourt, Rivers - ",no price,"
",no rating,no review,
384,New Grange,"Port Harcourt, Rivers - 26 Ogbogoro Rd, Rumu Opirikom, Port Harcourt",no price,"
",no rating,no review,
385,Shebet Apartments,"Port Harcourt, Rivers - 3, Idiagbon Street, Phase 2, GRA ",no price,"
",no rating,no review,
386,Oderi's Hotel,"Port Harcourt, Rivers - Along -Abonnema Road,Usokun, Degema",no price,"
",no rating,no review,
387,Skylyte Boutique Hotel,"Port Harcourt, Rivers - Plot 169B Chief Wonwu Avenue, Off Ordinance Road, Trans-Amadi Industrial Layout, Port Harcourt",no price,"
",no rating,no review,
388,Kelproshel Guest House,"Port Harcourt, Rivers - 67 Ogbonna Street, Eneka Road, Rumunduru, Rumuodara, Port Harcourt,",no price,"
",no rating,no review,
389,Hotel De Defama,"Port Harcourt., Rivers - ",no price,"
",no rating,no review,
390,ROW HOTELS AND SUITES,"Port Harcourt, Rivers - Off GU AKE Road, Airforce-Eliozu Link Road, Port Harcourt,",no price,"
",no rating,no review,
391,Daneto Hotel,"Port Harcourt, Rivers - 8 Rehoboth Drive Off Egbo-Etche Road Eleme Junction By Aba Road Port Harcourt",no price,"
",no rating,no review,
392,Leezon Hotel And Suites,"Port Harcourt, Rivers - KM 1.5 Ogbogoro/Eliparanwo, Off St John Junction, Iwefe, Rumuolumeni U.o.e Road, Port Harcourt",no price,"
",no rating,no review,
393,De'elites Pool Bar & Inn,"Port Harcourt, Rivers - School Road, Elelenwon, Port Harcourt",no price,"
",no rating,no review,
394,Palm Cambodiah Hotels & Bar,"Port Harcourt, Rivers - Elikpokwuodu, Aluu Road, Rukpokwu, Port Harcourt",no price,"
",no rating,no review,
395,London Base Hotel,"Port Harcourt, Rivers - 6 Man.O.War Road, Aluu, Port Harcourt",no price,"
",no rating,no review,
396,Row Hotels & Suites,"Port Harcourt, Rivers - 14 Rumumibo Lane Harmony Estate Building,Port Harcourt",no price,"
",no rating,no review,
397,Royal Charlin Hotel & Suites,"Port Harcourt, Rivers -  27 Presidential Estate, Behind House Of Assembly Qtrs. Port Harcourt",25000,",Restaurant,
Pool,
Bar

",no rating,no review,
398,TOP 2 HOTELS & SUITES,"Port -Harcourt, Rivers - 1 Charles Ogun Street, Mgboudohia, Rumuolumeni",4000,"
",no rating,no review,
399,Bayview Hotels (P.H),"Port Harcourt.  G R A  Phase 2, Rivers - 2a Location Road, Off Tombia Extension, Opposite Mandela Car Wash, G.R.A. Phase II",no price,"
",no rating,no review,
400, Franklin Hotel And Suites," Port Harcourt, Rivers - 10 Obaji Street, GRA Phase II",30000,",Restaurant,
Pool,
Bar,
Gym

",no rating,no review,"

2"
401,"Test 2 Apartments, PH","Port Harcourt, Rivers - ",no price,"
",no rating,no review,
402,M-Cube Boutique Hotel And Apartments,"Port Harcourt, Rivers - 22 Elizabeth Alfred Drive, Royal Avenue, Peter Odili Road,  500101, Port Harcourt",15000,",Restaurant

",no rating,no review,"

2"
403,Lucian Exclusive Hotel,"Port Harcourt, Rivers - No. 5 Hhs Chinwo Street, Paradise Estate, Gbalajam, Woji Elelenwo Link Road",25000,",Restaurant,
Bar

",no rating,no review,"

2"
404,Elites Poolbar & Lodge,"Port Harcourt, Rivers - 10 Enugu Street By Rumuobiokani/Trans-Amadi Roundabout, Port Hacourt",8050,",Internet,
Restaurant,
Pool,
Bar

",no rating,no review,"

2"
